21913.75,J24
21977.25,J24
22049.25,J24
22371.75,J24
22427.25,J24
22509.5,J24
22551.0,J24
22583.25,J24
22643.5,J24
22813.75,J24
22843.75,J24
22877.25,J24
22931.0,J24
22961.0,J24
22991.0,J24
23043.5,J24
23276.0,J24
23306.0,J24
23357.0,J24
23409.25,J24
23439.25,J24
23469.25,J24
23499.25,J24
23735.0,J24
23777.25,J24
23831.0,J24
23861.0,J24
23891.0,J24
23943.5,J24
24032.75,J24
24072.5,J24
24176.0,J24
24212.75,J24
24272.75,J24
24308.5,J24
24338.5,J24
24391.0,J24
24452.0,J24
24488.5,J24
24613.75,J24
24643.75,J24
24677.25,J24
24731.0,J24
24840.75,J24
24926.0,J24
25127.25,J24
25168.25,J24
25198.25,J24
25228.25,J24
25264.0,J24
25347.5,J24
25395.25,J24
25513.75,J24
25543.75,J24
25577.25,J24
25631.0,J24
25667.0,J24
25701.0,J24
25823.75,J24
26003.0,J24
26061.5,J24
26094.0,J24
26124.0,J24
26174.5,J24
26288.5,J24
26426.0,J24
26473.5,J24
26539.25,J24
26576.5,J24
26606.5,J24
26693.25,J24
26748.5,J24
26876.0,J24
26939.5,J24
27036.25,J24
27196.0,J24
27313.75,J24
27351.25,J24
27431.0,J24
27461.0,J24
27513.5,J24
27626.0,J24
27784.75,J24
27828.25,J24
27880.75,J24
27910.75,J24
27943.75,J24
27975.25,J24
28037.0,J24
28090.5,J24
28213.75,J24
28265.0,J24
28429.0,J24
28532.25,J24
28693.25,J24
28728.0,J24
28758.0,J24
28791.5,J24
28821.5,J24
28865.25,J24
29015.0,J24
29126.0,J24
29172.5,J24
29289.25,J24
29341.75,J24
29411.75,J24
29441.75,J24
29563.75,J24
29593.75,J24
29627.25,J24
29657.25,J24
29691.5,J24
29730.5,J24
29771.75,J24
29831.75,J24
30026.0,J24
30071.0,J24
30147.75,J24
30177.75,J24
30230.25,J24
30334.5,J24
30463.75,J24
30508.0,J24
30557.0,J24
30591.5,J24
30629.0,J24
30659.0,J24
30689.0,J24
30808.25,J24
30926.0,J24
30956.0,J24
31039.25,J24
31246.75,J24
31363.75,J24
31529.75,J24
31578.5,J24
