21697.75,cluster2264846650_2264846651_2264924925_2264924930_#4more
21747.75,cluster2264846650_2264846651_2264924925_2264924930_#4more
22019.75,cluster2264846650_2264846651_2264924925_2264924930_#4more
22050.5,cluster2264846650_2264846651_2264924925_2264924930_#4more
22147.75,cluster2264846650_2264846651_2264924925_2264924930_#4more
22177.75,cluster2264846650_2264846651_2264924925_2264924930_#4more
22220.0,cluster2264846650_2264846651_2264924925_2264924930_#4more
22295.75,cluster2264846650_2264846651_2264924925_2264924930_#4more
22357.25,cluster2264846650_2264846651_2264924925_2264924930_#4more
22416.75,cluster2264846650_2264846651_2264924925_2264924930_#4more
22446.75,cluster2264846650_2264846651_2264924925_2264924930_#4more
22476.75,cluster2264846650_2264846651_2264924925_2264924930_#4more
22523.75,cluster2264846650_2264846651_2264924925_2264924930_#4more
22597.75,cluster2264846650_2264846651_2264924925_2264924930_#4more
22640.0,cluster2264846650_2264846651_2264924925_2264924930_#4more
22703.75,cluster2264846650_2264846651_2264924925_2264924930_#4more
22733.75,cluster2264846650_2264846651_2264924925_2264924930_#4more
22816.75,cluster2264846650_2264846651_2264924925_2264924930_#4more
22846.75,cluster2264846650_2264846651_2264924925_2264924930_#4more
22876.75,cluster2264846650_2264846651_2264924925_2264924930_#4more
22906.75,cluster2264846650_2264846651_2264924925_2264924930_#4more
22961.5,cluster2264846650_2264846651_2264924925_2264924930_#4more
23123.0,cluster2264846650_2264846651_2264924925_2264924930_#4more
23153.0,cluster2264846650_2264846651_2264924925_2264924930_#4more
23195.75,cluster2264846650_2264846651_2264924925_2264924930_#4more
23236.25,cluster2264846650_2264846651_2264924925_2264924930_#4more
23266.25,cluster2264846650_2264846651_2264924925_2264924930_#4more
23319.75,cluster2264846650_2264846651_2264924925_2264924930_#4more
23349.75,cluster2264846650_2264846651_2264924925_2264924930_#4more
23395.75,cluster2264846650_2264846651_2264924925_2264924930_#4more
23425.75,cluster2264846650_2264846651_2264924925_2264924930_#4more
23487.75,cluster2264846650_2264846651_2264924925_2264924930_#4more
23517.75,cluster2264846650_2264846651_2264924925_2264924930_#4more
23547.75,cluster2264846650_2264846651_2264924925_2264924930_#4more
23602.25,cluster2264846650_2264846651_2264924925_2264924930_#4more
23632.25,cluster2264846650_2264846651_2264924925_2264924930_#4more
23737.25,cluster2264846650_2264846651_2264924925_2264924930_#4more
23775.25,cluster2264846650_2264846651_2264924925_2264924930_#4more
23805.25,cluster2264846650_2264846651_2264924925_2264924930_#4more
23858.0,cluster2264846650_2264846651_2264924925_2264924930_#4more
23888.0,cluster2264846650_2264846651_2264924925_2264924930_#4more
23937.75,cluster2264846650_2264846651_2264924925_2264924930_#4more
23967.75,cluster2264846650_2264846651_2264924925_2264924930_#4more
24035.25,cluster2264846650_2264846651_2264924925_2264924930_#4more
24072.5,cluster2264846650_2264846651_2264924925_2264924930_#4more
24136.75,cluster2264846650_2264846651_2264924925_2264924930_#4more
24184.25,cluster2264846650_2264846651_2264924925_2264924930_#4more
24218.25,cluster2264846650_2264846651_2264924925_2264924930_#4more
24248.25,cluster2264846650_2264846651_2264924925_2264924930_#4more
24387.75,cluster2264846650_2264846651_2264924925_2264924930_#4more
24417.75,cluster2264846650_2264846651_2264924925_2264924930_#4more
24543.5,cluster2264846650_2264846651_2264924925_2264924930_#4more
24626.25,cluster2264846650_2264846651_2264924925_2264924930_#4more
24656.25,cluster2264846650_2264846651_2264924925_2264924930_#4more
24686.25,cluster2264846650_2264846651_2264924925_2264924930_#4more
24756.25,cluster2264846650_2264846651_2264924925_2264924930_#4more
24786.25,cluster2264846650_2264846651_2264924925_2264924930_#4more
24837.75,cluster2264846650_2264846651_2264924925_2264924930_#4more
24867.75,cluster2264846650_2264846651_2264924925_2264924930_#4more
24930.75,cluster2264846650_2264846651_2264924925_2264924930_#4more
24960.75,cluster2264846650_2264846651_2264924925_2264924930_#4more
25088.0,cluster2264846650_2264846651_2264924925_2264924930_#4more
25118.0,cluster2264846650_2264846651_2264924925_2264924930_#4more
25148.0,cluster2264846650_2264846651_2264924925_2264924930_#4more
25287.75,cluster2264846650_2264846651_2264924925_2264924930_#4more
25317.75,cluster2264846650_2264846651_2264924925_2264924930_#4more
25439.5,cluster2264846650_2264846651_2264924925_2264924930_#4more
25469.5,cluster2264846650_2264846651_2264924925_2264924930_#4more
25499.5,cluster2264846650_2264846651_2264924925_2264924930_#4more
25538.25,cluster2264846650_2264846651_2264924925_2264924930_#4more
25570.75,cluster2264846650_2264846651_2264924925_2264924930_#4more
25603.0,cluster2264846650_2264846651_2264924925_2264924930_#4more
25633.0,cluster2264846650_2264846651_2264924925_2264924930_#4more
25663.0,cluster2264846650_2264846651_2264924925_2264924930_#4more
25737.75,cluster2264846650_2264846651_2264924925_2264924930_#4more
25767.75,cluster2264846650_2264846651_2264924925_2264924930_#4more
25828.5,cluster2264846650_2264846651_2264924925_2264924930_#4more
25858.5,cluster2264846650_2264846651_2264924925_2264924930_#4more
25895.75,cluster2264846650_2264846651_2264924925_2264924930_#4more
25936.25,cluster2264846650_2264846651_2264924925_2264924930_#4more
25966.25,cluster2264846650_2264846651_2264924925_2264924930_#4more
26011.0,cluster2264846650_2264846651_2264924925_2264924930_#4more
26041.0,cluster2264846650_2264846651_2264924925_2264924930_#4more
26126.25,cluster2264846650_2264846651_2264924925_2264924930_#4more
26187.75,cluster2264846650_2264846651_2264924925_2264924930_#4more
26217.75,cluster2264846650_2264846651_2264924925_2264924930_#4more
26259.5,cluster2264846650_2264846651_2264924925_2264924930_#4more
26338.75,cluster2264846650_2264846651_2264924925_2264924930_#4more
26388.0,cluster2264846650_2264846651_2264924925_2264924930_#4more
26434.75,cluster2264846650_2264846651_2264924925_2264924930_#4more
26470.75,cluster2264846650_2264846651_2264924925_2264924930_#4more
26545.0,cluster2264846650_2264846651_2264924925_2264924930_#4more
26588.0,cluster2264846650_2264846651_2264924925_2264924930_#4more
26637.75,cluster2264846650_2264846651_2264924925_2264924930_#4more
26667.75,cluster2264846650_2264846651_2264924925_2264924930_#4more
26727.0,cluster2264846650_2264846651_2264924925_2264924930_#4more
26757.0,cluster2264846650_2264846651_2264924925_2264924930_#4more
26791.0,cluster2264846650_2264846651_2264924925_2264924930_#4more
26836.25,cluster2264846650_2264846651_2264924925_2264924930_#4more
26873.5,cluster2264846650_2264846651_2264924925_2264924930_#4more
26906.25,cluster2264846650_2264846651_2264924925_2264924930_#4more
26936.25,cluster2264846650_2264846651_2264924925_2264924930_#4more
27026.25,cluster2264846650_2264846651_2264924925_2264924930_#4more
27056.25,cluster2264846650_2264846651_2264924925_2264924930_#4more
27097.75,cluster2264846650_2264846651_2264924925_2264924930_#4more
27144.25,cluster2264846650_2264846651_2264924925_2264924930_#4more
27206.25,cluster2264846650_2264846651_2264924925_2264924930_#4more
27236.25,cluster2264846650_2264846651_2264924925_2264924930_#4more
27323.0,cluster2264846650_2264846651_2264924925_2264924930_#4more
27368.25,cluster2264846650_2264846651_2264924925_2264924930_#4more
27398.25,cluster2264846650_2264846651_2264924925_2264924930_#4more
27428.25,cluster2264846650_2264846651_2264924925_2264924930_#4more
27458.25,cluster2264846650_2264846651_2264924925_2264924930_#4more
27537.75,cluster2264846650_2264846651_2264924925_2264924930_#4more
27567.75,cluster2264846650_2264846651_2264924925_2264924930_#4more
27612.75,cluster2264846650_2264846651_2264924925_2264924930_#4more
27676.0,cluster2264846650_2264846651_2264924925_2264924930_#4more
27706.0,cluster2264846650_2264846651_2264924925_2264924930_#4more
27736.25,cluster2264846650_2264846651_2264924925_2264924930_#4more
27784.5,cluster2264846650_2264846651_2264924925_2264924930_#4more
27814.5,cluster2264846650_2264846651_2264924925_2264924930_#4more
27844.5,cluster2264846650_2264846651_2264924925_2264924930_#4more
27912.25,cluster2264846650_2264846651_2264924925_2264924930_#4more
27942.25,cluster2264846650_2264846651_2264924925_2264924930_#4more
27987.75,cluster2264846650_2264846651_2264924925_2264924930_#4more
28017.75,cluster2264846650_2264846651_2264924925_2264924930_#4more
28047.75,cluster2264846650_2264846651_2264924925_2264924930_#4more
28091.75,cluster2264846650_2264846651_2264924925_2264924930_#4more
28147.0,cluster2264846650_2264846651_2264924925_2264924930_#4more
28225.5,cluster2264846650_2264846651_2264924925_2264924930_#4more
28266.25,cluster2264846650_2264846651_2264924925_2264924930_#4more
28296.25,cluster2264846650_2264846651_2264924925_2264924930_#4more
28437.75,cluster2264846650_2264846651_2264924925_2264924930_#4more
28467.75,cluster2264846650_2264846651_2264924925_2264924930_#4more
28524.75,cluster2264846650_2264846651_2264924925_2264924930_#4more
28554.75,cluster2264846650_2264846651_2264924925_2264924930_#4more
28594.25,cluster2264846650_2264846651_2264924925_2264924930_#4more
28636.25,cluster2264846650_2264846651_2264924925_2264924930_#4more
28699.25,cluster2264846650_2264846651_2264924925_2264924930_#4more
28729.25,cluster2264846650_2264846651_2264924925_2264924930_#4more
28759.25,cluster2264846650_2264846651_2264924925_2264924930_#4more
28804.75,cluster2264846650_2264846651_2264924925_2264924930_#4more
28887.75,cluster2264846650_2264846651_2264924925_2264924930_#4more
28917.75,cluster2264846650_2264846651_2264924925_2264924930_#4more
28947.75,cluster2264846650_2264846651_2264924925_2264924930_#4more
28988.0,cluster2264846650_2264846651_2264924925_2264924930_#4more
29040.25,cluster2264846650_2264846651_2264924925_2264924930_#4more
29070.25,cluster2264846650_2264846651_2264924925_2264924930_#4more
29157.0,cluster2264846650_2264846651_2264924925_2264924930_#4more
29187.0,cluster2264846650_2264846651_2264924925_2264924930_#4more
29269.5,cluster2264846650_2264846651_2264924925_2264924930_#4more
29337.75,cluster2264846650_2264846651_2264924925_2264924930_#4more
29367.75,cluster2264846650_2264846651_2264924925_2264924930_#4more
29495.75,cluster2264846650_2264846651_2264924925_2264924930_#4more
29536.25,cluster2264846650_2264846651_2264924925_2264924930_#4more
29624.25,cluster2264846650_2264846651_2264924925_2264924930_#4more
29654.25,cluster2264846650_2264846651_2264924925_2264924930_#4more
29787.75,cluster2264846650_2264846651_2264924925_2264924930_#4more
29817.75,cluster2264846650_2264846651_2264924925_2264924930_#4more
29859.25,cluster2264846650_2264846651_2264924925_2264924930_#4more
29938.75,cluster2264846650_2264846651_2264924925_2264924930_#4more
29987.5,cluster2264846650_2264846651_2264924925_2264924930_#4more
30055.5,cluster2264846650_2264846651_2264924925_2264924930_#4more
30085.5,cluster2264846650_2264846651_2264924925_2264924930_#4more
30125.75,cluster2264846650_2264846651_2264924925_2264924930_#4more
30188.75,cluster2264846650_2264846651_2264924925_2264924930_#4more
30237.75,cluster2264846650_2264846651_2264924925_2264924930_#4more
30267.75,cluster2264846650_2264846651_2264924925_2264924930_#4more
30339.75,cluster2264846650_2264846651_2264924925_2264924930_#4more
30382.0,cluster2264846650_2264846651_2264924925_2264924930_#4more
30473.0,cluster2264846650_2264846651_2264924925_2264924930_#4more
30503.0,cluster2264846650_2264846651_2264924925_2264924930_#4more
30533.0,cluster2264846650_2264846651_2264924925_2264924930_#4more
30563.0,cluster2264846650_2264846651_2264924925_2264924930_#4more
30611.5,cluster2264846650_2264846651_2264924925_2264924930_#4more
30687.75,cluster2264846650_2264846651_2264924925_2264924930_#4more
30717.75,cluster2264846650_2264846651_2264924925_2264924930_#4more
30758.0,cluster2264846650_2264846651_2264924925_2264924930_#4more
30803.75,cluster2264846650_2264846651_2264924925_2264924930_#4more
30847.0,cluster2264846650_2264846651_2264924925_2264924930_#4more
30886.25,cluster2264846650_2264846651_2264924925_2264924930_#4more
30925.75,cluster2264846650_2264846651_2264924925_2264924930_#4more
30955.75,cluster2264846650_2264846651_2264924925_2264924930_#4more
30985.75,cluster2264846650_2264846651_2264924925_2264924930_#4more
31056.75,cluster2264846650_2264846651_2264924925_2264924930_#4more
31086.75,cluster2264846650_2264846651_2264924925_2264924930_#4more
31137.75,cluster2264846650_2264846651_2264924925_2264924930_#4more
31167.75,cluster2264846650_2264846651_2264924925_2264924930_#4more
31239.25,cluster2264846650_2264846651_2264924925_2264924930_#4more
31293.25,cluster2264846650_2264846651_2264924925_2264924930_#4more
31336.25,cluster2264846650_2264846651_2264924925_2264924930_#4more
31372.5,cluster2264846650_2264846651_2264924925_2264924930_#4more
31424.25,cluster2264846650_2264846651_2264924925_2264924930_#4more
31455.5,cluster2264846650_2264846651_2264924925_2264924930_#4more
31485.5,cluster2264846650_2264846651_2264924925_2264924930_#4more
31530.5,cluster2264846650_2264846651_2264924925_2264924930_#4more
31587.75,cluster2264846650_2264846651_2264924925_2264924930_#4more
